{"totalmem":16334.9453125,"freemem":6646.08203125,"cpuCount":12,"cpuUsagePercentage":0.11223573585829727}